"relative_path","bytes","notes"
"results/paper_tables/FILE_MANIFEST.csv","","self manifest; byte count intentionally omitted"
"results/paper_tables/nsd_flatmap_input_sizes.csv","429",""
"results/paper_tables/provenance_notes.md","1748",""
"results/paper_tables/README.md","1880",""
"results/paper_tables/supp_hcp_geometry_controls_dinov2.csv","474",""
"results/paper_tables/supp_nsd_coco80_within_subject.csv","1249",""
"results/paper_tables/supp_nsd_image_fmri_alignment.csv","1294",""
"results/paper_tables/supp_rest_backbone_token_ablation.csv","928",""
"results/paper_tables/supp_rest_frame_count_ablation.csv","520",""
"results/paper_tables/table_inventory.csv","1779",""
"results/paper_tables/table1_flatclip_main.csv","409",""
"results/paper_tables/table2_hcp_geometry_controls_siglip2.csv","847",""
"results/paper_tables/table3_hcp450_roi4d_provenance.csv","1026",""
"results/paper_tables/table3_representation_scale.csv","769",""
"results/paper_tables/table4_implementation_ablations.csv","1260",""
