model,token_setting,sub1_map,sub1_wf1,sub2_map,sub2_wf1,sub5_map,sub5_wf1,sub7_map,sub7_wf1,mean_map,mean_wf1
SigLIP2-NSDgeneral,one_token,15.311,26.922,15.714,26.986,19.933,29.611,14.428,24.366,16.347,26.971
SigLIP2-Visual,one_token,14.050,25.829,16.065,27.151,18.889,29.476,14.361,25.238,15.841,26.924
DINOv2-Visual,one_token,14.765,26.338,14.780,25.105,17.213,27.304,12.605,22.547,14.841,25.323
ViT-Cortex,one_token,11.674,23.092,13.373,24.128,13.895,26.376,10.544,20.432,12.371,23.507
SigLIP2-Cortex,one_token,11.100,24.576,12.211,25.048,14.974,26.090,10.053,18.822,12.085,23.634
DINOv2-Cortex,one_token,10.930,22.800,10.815,23.022,11.290,24.427,9.467,19.751,10.625,22.500
SwiFT,baseline,7.974,20.582,10.769,22.303,10.274,22.989,8.478,20.858,9.374,21.683
NeuroSTORM,baseline,6.491,12.358,8.798,20.484,9.253,10.471,8.209,18.326,8.188,15.410
Omni-fMRI,baseline,3.949,13.818,5.024,15.910,4.715,13.441,3.751,8.934,4.360,13.026
SigLIP2-Cortex,all_256_patch_tokens,16.604,29.776,15.771,28.262,19.218,31.379,14.129,27.836,16.430,29.313
SigLIP2-Visual,all_256_patch_tokens,20.192,33.255,19.623,29.727,23.323,33.801,19.490,30.457,20.657,31.810
SigLIP2-NSDgeneral,all_256_patch_tokens,21.565,32.330,22.218,32.084,25.300,32.744,20.282,31.123,22.341,32.070
