metric,comparison,baseline_value,siglip2_nsdgeneral_value,delta,ci_low,ci_high,paired_t_holm_p,wilcoxon_holm_p,improved_percent
Local-RDM,vs SwiFT,0.026,0.134,0.108,0.086,0.129,9.01e-16,3.18e-12,83.0
Local-RDM,vs Omni-fMRI,0.009,0.134,0.125,0.102,0.147,2.70e-17,5.27e-13,86.0
Local-RDM,vs NeuroSTORM,0.052,0.134,0.083,0.064,0.101,5.78e-13,1.34e-10,79.0
Local-RDM,vs SigLIP2-Cortex,0.032,0.134,0.102,0.084,0.121,2.09e-17,2.87e-13,89.0
Local-RDM,vs SigLIP2-Visual,0.091,0.134,0.043,0.026,0.061,5.41e-06,5.73e-06,74.0
Paired cosine,vs SwiFT,0.222,0.325,0.103,0.087,0.119,3.82e-21,7.31e-15,90.0
Paired cosine,vs Omni-fMRI,0.159,0.325,0.166,0.150,0.182,1.50e-35,3.61e-17,99.0
Paired cosine,vs NeuroSTORM,0.237,0.325,0.088,0.072,0.104,5.07e-17,4.31e-14,89.0
Paired cosine,vs SigLIP2-Cortex,0.246,0.325,0.079,0.064,0.094,3.70e-16,1.17e-13,89.0
Paired cosine,vs SigLIP2-Visual,0.301,0.325,0.024,0.015,0.033,3.83e-06,7.96e-06,69.0
Margin,vs SwiFT,0.223,0.314,0.091,0.066,0.116,7.19e-10,8.30e-09,76.0
Margin,vs Omni-fMRI,0.156,0.314,0.157,0.128,0.186,5.07e-17,2.87e-13,87.0
Margin,vs NeuroSTORM,0.235,0.314,0.079,0.053,0.106,1.81e-07,4.49e-07,72.0
Margin,vs SigLIP2-Cortex,0.248,0.314,0.066,0.042,0.090,1.38e-06,2.49e-06,69.0
Margin,vs SigLIP2-Visual,0.286,0.314,0.028,0.012,0.044,4.23e-04,4.06e-04,68.0
