control_input,encoder,acc_mean,acc_std,wf1_mean,wf1_std,balanced_acc_mean,balanced_acc_std,macro_f1_mean,macro_f1_std,holm_marker
Real flatmap,SigLIP2,82.06,2.05,82.04,2.05,81.81,2.03,81.88,2.06,
Spatial block-shuffle,SigLIP2,76.14,1.83,76.18,1.83,76.21,1.85,76.06,1.84,*
Left-right hemisphere swap,SigLIP2,74.96,1.17,74.89,1.23,74.56,1.31,74.64,1.28,
Within-hemisphere region shuffle,SigLIP2,70.90,1.63,70.87,1.62,70.62,1.61,70.64,1.62,*
Vertex-permutation,SigLIP2,72.93,1.92,72.87,1.97,72.58,2.05,72.62,2.02,*
Real flatmap with random initialized encoder,SigLIP2_random_init,70.56,1.34,70.56,1.36,70.37,1.41,70.35,1.38,*
Phase/frequency-matched randomization,SigLIP2,64.64,2.29,64.49,2.14,64.12,2.03,64.14,2.07,*
FC heatmap,SigLIP2,57.87,2.69,57.93,2.68,57.98,2.52,57.80,2.62,*
Random image,SigLIP2,48.90,3.26,48.89,3.42,48.69,3.69,48.59,3.65,*
