ablation_group,setting,hcp_acc_mean,hcp_acc_std,hcp_wf1_mean,hcp_wf1_std,adni_mci_acc_mean,adni_mci_acc_std,adni_mci_wf1_mean,adni_mci_wf1_std,adni_ad_acc_mean,adni_ad_acc_std,adni_ad_wf1_mean,adni_ad_wf1_std,ppmi_acc_mean,ppmi_acc_std,ppmi_wf1_mean,ppmi_wf1_std
Backbone,DINOv2,80.37,2.55,80.33,2.53,60.68,2.67,60.44,1.98,75.46,4.01,75.20,3.69,51.39,3.18,51.58,2.25
Backbone,ViT-B,80.10,1.71,80.12,1.68,54.48,2.80,54.82,3.18,76.23,4.06,76.05,3.88,56.67,4.51,54.03,5.19
Backbone,SigLIP2,82.06,2.05,82.04,2.05,61.11,1.48,60.75,1.16,75.46,2.12,75.41,2.11,54.86,1.96,55.72,1.63
Feature,40 Patch-Mean,84.94,1.06,84.91,1.06,58.12,1.96,57.82,1.87,76.39,4.17,76.36,3.93,56.94,4.21,56.48,4.27
Feature,40 Global tokens,83.08,0.59,83.02,0.66,60.68,1.96,60.02,2.07,74.07,4.88,74.13,4.98,53.47,7.54,53.93,6.14
Feature,One Global token,82.06,2.05,82.04,2.05,61.11,1.48,60.75,1.16,75.46,2.12,75.41,2.11,54.86,1.96,55.72,1.63
Normalization,Frame Z-Score,82.23,1.34,82.23,1.28,58.12,3.23,58.28,3.27,73.15,0.80,73.52,0.91,49.65,3.35,50.68,3.10
Normalization,Voxel Z-Score,74.49,2.20,74.52,2.22,58.55,0.60,56.22,1.28,80.56,1.96,79.68,2.33,50.35,2.60,51.17,0.76
Normalization,Global Z-Score,82.06,2.05,82.04,2.05,61.11,1.48,60.75,1.16,75.46,2.12,75.41,2.11,54.86,1.96,55.72,1.63
